Iteration,Best,Average
0,-122.6293258324056,-8.49110690599009
1,-109.48672905774477,-6.815799427046481
2,-170.68483617003952,-2.4525321306823424
3,-120.36347962489651,10.703279357167458
4,-179.9469468284979,-8.866437302119719
5,-124.23862554568504,2.3307111209221483
6,-183.8844540393217,8.106273708311035
7,-122.86878605516634,14.186368220263406
8,-76.20263137615117,30.5056740737278
9,-125.55214071878792,1.448118952975391
